{
  "route_anchors": ["SULOM", "GUGAL", "PURPA"],
  "corrected_entry_points": {
    "SULOM": [30.509690024636008, 73.93968505859375],
    "GUGAL": [30.045302068536934, 73.4627399444580],
    "PURPA": [37.03607265125621, 75.1394229888916],
    "DOBAT": [32.2238996332342, 69.22339515686035],
    "BIROS": [31.56054820667614, 67.72465057373047],
    "SIRKA": [29.597102550159804, 65.63986034393311],
    "TELEM": [29.45883184259588, 62.119318103790285],
    "VIKIT": [27.46773204456676, 69.75043678283691],
    "MERUN": [27.862922696200286, 71.02741203308105],
    "LAJAK": [34.02176881269975, 70.2027976989746],
    "ASSVIB": [25.208944147283383, 62.1800001144409]
  },
  "entry_points_nominal": {},
  "fir_reference_markers": {
    "PS": [34.93481810136275, 72.71749954223633],
    "NH": [27.028034251819957, 64.24250011444092],
    "HANGU": [32.734191436767574, 70.79595642089843],
    "DI": [30.938411282626067, 71.2481616973877],
    "MT": [29.6065625, 71.60624961853027],
    "FA": [32.313229300759055, 74.31875],
    "SD": [34.861713881059124, 74.54375],
    "KC": [26.298984929865057, 66.13169593811035],
    "SK": [26.999563487659803, 68.00669651031494],
    "ZOHAR": [29.052161005193536, 67.08258895874023],
    "JHANG": [30.515151339444248, 72.22054672241211],
    "RK": [28.690810713334518, 69.86616859436035],
    "ZB": [29.576901799982245, 68.90246505737305],
    "REGET": [31.15090293190696, 69.21194648742676]
  },
  "airspace_route_rules": {
    "A466": ["A466"],
    "M881": ["M881"],
    "M875": ["M875"],
    "G325": ["G325"]
  },
  "airway_polylines": {
    "A466": [
      [30.509690024636008, 73.93968505859375],
      [30.515151339444248, 72.22054672241211]
    ],
    "M875": [
      [30.045302068536934, 73.4627399444580],
      [30.515151339444248, 72.22054672241211],
      [30.938411282626067, 71.2481616973877],
      [32.734191436767574, 70.79595642089843],
      [32.2238996332342, 69.22339515686035]
    ],
    "M881": [
      [32.734191436767574, 70.79595642089843],
      [34.02176881269975, 70.2027976989746]
    ],
    "L509": [
      [30.509690024636008, 73.93968505859375],
      [31.719697099165483, 73.32327537536621],
      [32.992424413507635, 72.69109115600585],
      [33.57828317815607, 71.94396476745605],
      [33.57828317815607, 71.02442512512206],
      [34.02176881269975, 70.2027976989746]
    ],
    "L750": [
      [27.862922696200286, 71.02741203308105],
      [28.690810713334518, 69.86616859436035],
      [29.576901799982245, 68.90246505737305],
      [31.15090293190696, 69.21194648742676],
      [31.56054820667614, 67.72465057373047]
    ],
    "P628": [
      [27.46773204456676, 69.75043678283691],
      [28.690810713334518, 69.86616859436035]
    ],
    "G325": [
      [37.03607265125621, 75.1394229888916],
      [34.93481810136275, 72.71749954223633],
      [32.734191436767574, 70.79595642089843],
      [31.15090293190696, 69.21194648742676],
      [29.052161005193536, 67.08258895874023],
      [27.028034251819957, 64.24250011444092],
      [25.208944147283383, 62.1800001144409]
    ]
  }
}
